GRAND THEFT AUTO IV;98;7.9;Xbox 360;Rockstar Games;Rockstar North;Apr 29, 2008;[Metacritic's 2008 Xbox 360 Game of the Year; Also known as "GTA IV"] What does the American Dream mean today? For Niko Belic, fresh off the boat from Europe. It's the hope he can escape his past. For his cousin, Roman, it is the vision that together they can find fortune in Liberty City,… Expand;86 ;Action Adventure,Modern,Modern,Open-World
GRAND THEFT AUTO V;97;8.3;Xbox 360;Rockstar Games;Rockstar North;Sep 17, 2013;Los Santos is a sprawling sun-soaked metropolis full of self-help gurus, starlets and once-important stars. The city was once the envy of the Western world, but is now struggling to stay relevant in an era of economic uncertainty and reality TV. Amidst the chaos, three very different… Expand;58 ;Modern,Action Adventure,Modern,Open-World
BIOSHOCK;96;8.7;Xbox 360;2K Games;Irrational Games;Aug 21, 2007;[Metacritic's 2007 Xbox 360 Game of the Year] Going beyond "run and gun corridors," "monster-closet AIs" and static worlds, BioShock creates a living, unique and unpredictable FPS experience. After your plane crashes into icy uncharted waters, you discover a rusted bathysphere and descend… Expand;88 ;Action,Shooter,Shooter,First-Person,Sci-Fi,Sci-Fi,Arcade
THE ORANGE BOX;96;9.0;Xbox 360;EA Games;Valve Software;Oct 10, 2007;Games included in The Orange Box compilation: The original Half-Life 2 - The player again picks up the crowbar of research scientist Gordon Freeman, who finds himself on an alien-infested Earth being picked to the bone, its resources depleted, its populace dwindling. Freeman is thrust into… Expand;54 ;Action,Miscellaneous,Shooter,Compilation,First-Person,Sci-Fi
MASS EFFECT 2;96;8.9;Xbox 360;Electronic Arts;BioWare;Jan 26, 2010;The Mass Effect trilogy is a science fiction adventure set in a vast universe filled with dangerous alien life forms and mysterious uncharted planets. In this dark second chapter, Saren’s evil army of Geth soldiers has just been defeated, and humans, who are still struggling to make their… Expand;98 ;Role-Playing,Action RPG,Action RPG
THE ELDER SCROLLS V: SKYRIM;96;8.6;Xbox 360;Bethesda Softworks;Bethesda Game Studios;Nov 11, 2011;The next chapter in the Elder Scrolls saga arrives from the Bethesda Game Studios. Skyrim reimagines the open-world fantasy epic, bringing to life a complete virtual world open for you to explore any way you choose. Play any type of character you can imagine, and do whatever you want; the… Expand;89 ;Role-Playing,First-Person,First-Person,Western-Style
RED DEAD REDEMPTION;95;9.0;Xbox 360;Rockstar Games ;Rockstar San Diego;May 18, 2010;Developed by Rockstar San Diego, as a follow up to the 2004 hit game Red Dead Revolver, Red Dead Redemption is a Western epic, set at the turn of the 20th century when the lawless and chaotic badlands began to give way to the expanding reach of government and the spread of the Industrial… Expand;96 ;Action,Action Adventure,Shooter,Historic,Historic,Open-World,Third-Person,Historic
PORTAL 2;95;8.8;Xbox 360;Valve Software;Valve Software;Apr 19, 2011;Valve is working on a full-length sequel to its award-winning, mind-bending puzzle action game for the Xbox 360 and PC.;66 ;Action,Shooter,Shooter,First-Person,Sci-Fi,Sci-Fi,Arcade
BATMAN: ARKHAM CITY;94;8.8;Xbox 360;Warner Bros. Interactive Entertainment;Rocksteady Studios;Oct 18, 2011;Developed by Rocksteady Studios, Batman: Arkham City builds upon the intense, atmospheric foundation of Batman: Arkham Asylum, sending players soaring into Arkham City, the new maximum security "home" for all of Gotham City's thugs, gangsters and insane criminal masterminds. Set inside the… Expand;87 ;Action Adventure,Fantasy,Fantasy,Open-World
GEARS OF WAR;94;8.4;Xbox 360;Microsoft Game Studios;Epic Games;Nov 7, 2006;Gears of War blends tactical action with survival horror and thrusts gamers into a deep and harrowing story of humankind's epic battle for survival against the Locust Horde, a nightmarish race of creatures that surface from the bowels of the planet. Lead war hero Marcus Fenix and his fire… Expand;88 ;Action,Shooter,Shooter,Third-Person,Sci-Fi,Sci-Fi,Arcade
THE ELDER SCROLLS IV: OBLIVION;94;8.7;Xbox 360;2K Games;Bethesda Softworks;Mar 20, 2006;Oblivion is a single-player game that takes place in Tamriel's capital province, Cyrodiil. You are given the task of finding the hidden heir to a throne that sits empty, the previous emperor having been killed by an unknown assassin. With no true Emperor, the gates to Oblivion (the… Expand;90 ;Role-Playing,First-Person,First-Person,Western-Style
CALL OF DUTY 4: MODERN WARFARE;94;8.5;Xbox 360;Activision;Infinity Ward;Nov 5, 2007;As Call of Duty 4: Modern Warfare's single player campaign unfolds, the player is introduced to new gameplay at every turn – one moment you are fast-roping from your Black Hawk helicopter after storming into the war zone with an armada of choppers, the next you are a sniper, under… Expand;70 ;Action,Shooter,Shooter,First-Person,Modern,Modern,Arcade
HALO 3;94;8.1;Xbox 360;Microsoft Game Studios;Bungie Software;Sep 25, 2007;Halo 3 is the third game in the Halo Trilogy and provides the thrilling conclusion to the events begun in "Halo: Combat Evolved." Halo 3 picks up where "Halo 2" left off. The Master Chief is returning to Earth to finish the fight. The Covenant occupation of Earth has uncovered a massive and… Expand;86 ;Action,Shooter,Shooter,First-Person,Sci-Fi,Sci-Fi,Arcade

PAC-MAN CHAMPIONSHIP EDITION DX;93;7.6;Xbox 360;Namco Bandai Games;Namco Bandai Games;Nov 17, 2010;PAC-MAN Championship Edition DX continues to uphold NAMCO BANDAI's tradition of enhancing a classic franchise for today's gamer. Building upon PAC-MAN Championship Edition’s original six courses, the new game features more than 100 varied and mind-boggling mazes to navigate. Several new… Expand;43 ;Adventure,General,Action,General,General,Arcade
BIOSHOCK INFINITE;93;8.6;Xbox 360;2K Games;Irrational Games;Mar 26, 2013;Thrust into the year 1912, players take on the role of former Pinkerton agent Booker DeWitt, who has traveled to the flying city of Columbia on a rescue mission. His target is Elizabeth, a young lady imprisoned since her childhood years. During their bold escape, Booker and Elizabeth form a… Expand;33 ;Action,Shooter,Shooter,First-Person,Sci-Fi,Sci-Fi,Arcade
BRAID;93;8.5;Xbox 360;Number None Inc.;Number None Inc.;Aug 6, 2008;[Xbox Live Arcade] Braid is a puzzle-platformer, drawn in a painterly style, where the player manipulates the flow of time in strange and unusual ways. From a house in the city, journey to a series of worlds and solve puzzles to rescue an abducted princess. In each world, you have a… Expand;57 ;Action,Platformer,Platformer,2D,2D
STREET FIGHTER IV;93;7.3;Xbox 360;Capcom;Capcom;Feb 17, 2009;Street Fighter IV features a mix of returning favourites such as Ryu, Ken, Chun-Li and Guile along with new characters created exclusively for this game such as Crimson Viper, Abel, El Fuerte, and Rufus. Characters and environments are rendered in high definition 3D, while the game is played… Expand;77 ;Action,Fighting,Fighting,3D,2D,3D
FALLOUT 3;93;8.5;Xbox 360;Bethesda Softworks;Bethesda Game Studios;Oct 28, 2008;Vault-Tec engineers have worked around the clock on an interactive reproduction of Wasteland life for you to enjoy from the comfort of your own vault. Included is an expansive world, unique combat, shockingly realistic visuals, tons of player choice, and an incredible cast of dynamic… Expand;84 ;Role-Playing,First-Person,First-Person,Western-Style
GEARS OF WAR 2;93;7.9;Xbox 360;Microsoft Game Studios;Epic Games;Nov 7, 2008;Gears of War 2 builds upon the gameplay of the first title in every way. First, the scope of the action is bigger: new characters, more weapons, nastier enemies, bigger vehicles, and grander locales offer more action, more emotion, and more thrills. Next, every major aspect of the game has… Expand;90 ;Action,Shooter,Shooter,Third-Person,Sci-Fi,Sci-Fi,Arcade
MASS EFFECT 3;93;6.0;Xbox 360;Electronic Arts;BioWare;Mar 6, 2012;BioWare completes the Mass Effect Trilogy with Mass Effect 3. Earth is burning. Striking from beyond known space, a race of terrifying machines have begun their destruction of the human race. As Commander Shepard, an Alliance Marine, the only hope for saving mankind is to rally the… Expand;74 ;Role-Playing,Action RPG,Action RPG
ROCK BAND 3;93;8.0;Xbox 360;MTV Games;Harmonix Music Systems;Oct 26, 2010;Rock Band returns with another iteration of the popular music game featuring new songs and instruments.;57 ;Action,Miscellaneous,Rhythm,Music,Music
GUITAR HERO II;92;8.1;Xbox 360;RedOctane;Harmonix Music Systems;Apr 3, 2007;Rock the Rhythm, Lead, and Bass Guitar tracks in the follow-up sequel to "Guitar Hero." Form your guitar duo and shred riffs cooperatively or go head to head in all new multiplayer modes. With over 55 tracks to rock out to, you'll go from Guitar Hero to Guitar god in one press of a fret… Expand;55 ;Action,Miscellaneous,Rhythm,Music,Music
ROCK BAND;92;8.0;Xbox 360;Electronic Arts ;Harmonix Music Systems;Nov 20, 2007;Play together in your living room or across the world! Rock Band offers deep online functionality, allowing players to rock together whether they’re in Rhode Island or Reykjavik. Major record labels and leading music publishers have signed on to provide unrivaled access to master recordings… Expand;72 ;Action,Miscellaneous,Rhythm,Music,Music
FORZA MOTORSPORT 3;92;8.1;Xbox 360;Microsoft Game Studios;Turn 10;Oct 27, 2009;Whether it's an exotic sports car like the new Audi R8 V10, a classic American muscle car such as the Ford GT, or a hot Asian import such as the Nissan 370Z, everyone has a dream car. The game makes it possible for everyone to experience the thrill of owning the world's most exotic and… Expand;90 ;Driving,Racing,Simulation,GT / Street,GT / Street,Automobile
BATMAN: ARKHAM ASYLUM;92;8.8;Xbox 360;Eidos Interactive;Rocksteady Studios;Aug 25, 2009;In Batman: Arkham Asylum, the player assumes the role of Batman as he delivers The Joker to Arkham Asylum. There, the imprisoned super-villains have set a trap and an immersive combat gaming experience unfolds. With an original script penned by Emmy Award-winning Batman writer Paul Dini, the… Expand;78 ;Action Adventure,Fantasy,General,Fantasy
THE WALKING DEAD: A TELLTALE GAMES SERIES;92;8.6;Xbox 360;Telltale Games;Telltale Games;Apr 27, 2012;Based on Robert Kirkman's award-winning comic book series, The Walking Dead is about a world devastated by an undead apocalypse and the horrifying choices you're forced to make to survive. Assume the role of Lee Everett, a convicted criminal, who has been given a second chance at life in a… Expand;12 ;Miscellaneous,Adventure,Compilation,Compilation,Point-and-Click
ROCK BAND 2;92;8.1;Xbox 360;MTV Games;Harmonix Music Systems;Sep 14, 2008;Rock Band 2 builds upon its foundation as the first music game to introduce co-operative band gameplay, multiple instruments, a robust online multiplayer experience, an unrivaled offering of downloadable content and raises the bar by delivering an entirely new level of depth, connectivity,… Expand;69 ;Action,Miscellaneous,Rhythm,Music,Music
SUPER STREET FIGHTER IV;91;7.7;Xbox 360;Capcom;Capcom;Apr 27, 2010;The follow-up to Street Fighter IV further redefines the fighting game genre with classic 2D Street Fighter fighting action, a host of new and returning characters, more advanced online gameplay, new ultra combos and much more. Super Street Fighter IV features the full roster of 25… Expand;55 ;Action,Fighting,Fighting,3D,2D,3D
DARK SOULS II;91;7.9;Xbox 360;Namco Bandai Games;From Software;Mar 11, 2014;Prepare to die... Again. Dare yourself to engage against intense gameplay in a vast world powered by a new engine. Immerse yourself into mind-bending environments filled with new twisted monsters and deadly bosses. A vast array of threats will prey on human senses & phobias - auditory… Expand;30 ;Action RPG,Role-Playing,Action RPG
HALO: REACH;91;8.4;Xbox 360;Microsoft Game Studios;Bungie;Sep 14, 2010;From the beginning, you know the end. In Halo: Reach, players experience the fateful moments that forged the Halo legend. It's the story of Noble Team, a squad of heroic Spartan soldiers, and their final stand on the planet Reach, humanity's last line of defense between the terrifying… Expand;99 ;Action,Shooter,Shooter,First-Person,Sci-Fi,Sci-Fi,Arcade
MASS EFFECT;91;8.7;Xbox 360;Microsoft Game Studios;BioWare;Nov 20, 2007;Mass Effect is a science fiction action-RPG created by BioWare Corp., the commercially and critically acclaimed RPG developer of "Jade Empire," and "Star Wars: Knights of the Old Republic." As the first human on the galactic stage, you must uncover the greatest threat to civilization. Your… Expand;74 ;Role-Playing,Action RPG,Console-style RPG,Japanese-Style,Western-Style
FORZA MOTORSPORT 4;91;8.3;Xbox 360;Microsoft Game Studios;Turn 10;Oct 11, 2011;Forza Motorsport 4 is the biggest entry in the series to date. Hundreds of the world’s most exciting cars spanning more than eighty manufacturers. The best driving circuits in the world. Bringing you closer to the cars of your dreams. Online features that redefine online community. Forza… Expand;83 ;Driving,Racing,Simulation,GT / Street,GT / Street,Automobile
GEARS OF WAR 3;91;8.1;Xbox 360;Microsoft Game Studios;Epic Games;Sep 20, 2011;Developed by acclaimed studio Epic Games and available only on Xbox 360, "Gears of War 3" plunges players into a harrowing tale of hope, survival, and brotherhood that will conclude the current story arc for "Gears of War." With the last human city destroyed and the… Expand;96 ;Action,Shooter,Shooter,Third-Person,Sci-Fi,Sci-Fi,Arcade
FAR CRY 3;91;8.6;Xbox 360;Ubisoft;Ubisoft Montreal;Dec 4, 2012;In Far Cry 3, players assume the role of Jason Brody, a figure alone at the edge of the world, stranded on a mysterious tropical island. In this savage paradise where anarchy and violence are the only sure thing, players dictate how the story unfolds, from the battles they elect to fight to… Expand;39 ;Action,Shooter,Shooter,First-Person,Modern,Modern,Arcade
ASSASSIN'S CREED II;90;8.8;Xbox 360;Ubisoft;Ubisoft Montreal;Nov 17, 2009;Assassin's Creed II is the product of over two years of intensive development by the original creative team behind the Assassin's Creed brand. In a vast open world environment, the game invites players to incarnate Ezio, a privileged young noble in Renaissance Italy who's been betrayed by… Expand;82 ;Action Adventure,Historic,Historic,Open-World
BAYONETTA;90;8.1;Xbox 360;Sega;PlatinumGames;Jan 5, 2010;Bayonetta is a stylish and cinematic action game directed by creator Hideki Kamiya. A member of an ancient witch clan and possessing powers beyond the comprehension of mere mortals, Bayonetta faces-off against countless ethereal enemies, many reaching epic proportions, in a game of 100%… Expand;86 ;Action,Action Adventure,Beat-'Em-Up,Fantasy,Beat-'Em-Up,Linear
TOM CLANCY'S GHOST RECON ADVANCED WARFIGHTER;90;7.9;Xbox 360;Ubisoft;Ubisoft Paris;Mar 9, 2006;In 2013, the U.S. Army will implement the Integrated Warfighter System (IWS), evolving what we know as the modern soldier. IWS combines advanced weapon systems, satellite communication devices and enhanced survivability into one fully integrated combat system. The IWS program has been… Expand;78 ;Action,Shooter,Shooter,First-Person,Tactical,Modern,Modern
TRIALS EVOLUTION;90;8.0;Xbox 360;Microsoft Game Studios;Ubisoft;Apr 18, 2012;The follow-up to Trials HD brings the bike-racing action back to the Xbox 360. Ride in real-time multiplayer with two to four players, either locally or through XBLA. Take part in single player career with 50 tracks, challenging unlocks, and tricky achievements. A massive, track editor lets… Expand;77 ;Driving,Racing,Simulation,Motorcycle,Automobile,Street,Street
GRAND THEFT AUTO IV: THE LOST AND DAMNED;90;8.0;Xbox 360;Rockstar Games;Rockstar North;Feb 17, 2009;[Xbox Live Arcade] Johnny is a veteran member of The Lost, a notorious biker gang. Johnny has been creating business opportunities for The Lost in Liberty City, but his first loyalty must be to the patch he wears on his back and to Billy Grey, the club's President. However, when Billy… Expand;79 ;Action Adventure,Modern,Modern,Open-World
FIFA SOCCER 12;90;6.8;Xbox 360;Electronic Arts;Electronic Arts;Sep 27, 2011;FIFA Soccer 12 brings a new physics engine into the soccer gameplay.;69 ;Sports,Traditional,Team,Soccer,Sim,Sim
FIFA SOCCER 10;90;7.4;Xbox 360;Electronic Arts;EA Sports;Oct 20, 2009;On the pitch, critical gameplay fundamentals have been enhanced to ensure that FIFA Soccer 10 mirrors real-world soccer, providing more sophisticated ball control, and physical interaction between players. In addition, players now move, behave and position themselves more realistically. On… Expand;63 ;Sports,Traditional,Team,Soccer,Sim,Sim
PORTAL: STILL ALIVE;90;8.6;Xbox 360;Microsoft Game Studios;Valve Software;Oct 22, 2008;[Xbox Live Arcade] Portal: Still Alive features the full award-winning Portal single player game from Valve, plus a new challenge mode. Designed to change the way you approach, manipulate, and surmise the possibilities in any given environment, Portal has earned over 70 industry honors for… Expand;21 ;Action,Shooter,Shooter,First-Person,Sci-Fi,Sci-Fi,Arcade
LIMBO;90;8.4;Xbox 360;PLAYDEAD;PLAYDEAD;Jul 21, 2010;[Xbox Live Arcade] Uncertain of his sister's fate, a boy enters LIMBO.;89 ;Action,Platformer,Platformer,2D,2D
MARK OF THE NINJA;90;7.4;Xbox 360;Microsoft Game Studios;Klei Entertainment;Sep 7, 2012;Mark of the Ninja is a side-scrolling stealth action game from Klei Entertainment that combines fluid 2D animation with intense stealth gameplay.;51 ;Adventure,Text,Action,Platformer,Platformer,2D,2D
SUPER MEAT BOY;90;8.0;Xbox 360;Team Meat;Team Meat;Oct 20, 2010;Super Meat Boy is a tough as nails platformer where you play as an animated cube of meat who's trying to save his girlfriend (who happens to be made of bandages) from an evil fetus in a jar wearing a tux.;51 ;Action,Platformer,Platformer,2D,2D
DEAD SPACE 2;90;8.7;Xbox 360;Electronic Arts;Visceral Games;Jan 25, 2011;Hero Isaac Clarke returns for another heart-pounding adventure, taking the fight to the Necromorphs in this thrilling action-horror experience. New tools to gruesomely slice and dismember the Necromorphs complement Isaac's signature Plasma Cutter, empowering him as he meets new characters,… Expand;83 ;Action,Shooter,Shooter,Third-Person,Sci-Fi,Sci-Fi,Arcade
GEOMETRY WARS: RETRO EVOLVED 2;90;8.3;Xbox 360;Bizarre Creations;Bizarre Creations;Jul 30, 2008;[Xbox Live Arcade] Experience the adrenaline rush from playing the latest version of the frenetic retro shooter Geometry Wars: Retro Evolved 2. New features include six action-packed gameplay modes, new enemies, new scoring strategies, and a diverse list of exciting achievements. If that's… Expand;52 ;Action,Shooter,Shooter,Static,Static,Shoot-'Em-Up,Top-Down
XCOM: ENEMY UNKNOWN;90;8.3;Xbox 360;2K Games;Firaxis Games;Oct 9, 2012;From the makers of the Civilization series comes a game about humanity’s final stand. Threatened by an unknown foe, the Earth’s governments come together to form a stealth paramilitary organization known as XCOM to combat this extraterrestrial assault. At the helm of XCOM, you command the… Expand;35 ;Strategy,Turn-Based,General,Sci-Fi,Sci-Fi,General,Tactics
FORZA MOTORSPORT 2;90;8.3;Xbox 360;Microsoft Game Studios;Turn 10;May 29, 2007;From the all-new world famous Nürburgring Nordschleife and Sebring tracks to the spectator-lined streets of New York City in the New York Circuit, race on meticulously designed tracks with an incredible sense of speed and realism. Forza Motorsport 2 features over 60 tracks carved out of 18… Expand;66 ;Driving,Racing,Simulation,GT / Street,GT / Street,Automobile
METAL GEAR SOLID HD COLLECTION;90;8.8;Xbox 360;Konami;Genki;Nov 8, 2011;Metal Gear Solid HD Collection bundles Metal Gear Solid 2: Sons of Liberty, Metal Gear Solid 3: Snake Eater and Metal Gear Solid: Peace Walker and updates them with HD visuals.;19 ;Miscellaneous,Compilation,Compilation
FIFA SOCCER 13;90;6.3;Xbox 360;EA Sports;Electronic Arts;Sep 25, 2012;The way players control the ball has been transformed, eliminating near-perfect touch for every player on the pitch, and creating more opportunities for defenders to win back possession. Poor passes are harder to control, enabling defenders to capitalize on errant balls and poor touches.… Expand;48 ;Sports,Traditional,Team,Soccer,Sim,Sim
RAYMAN LEGENDS;90;8.2;Xbox 360;Ubisoft;Ubisoft Montpellier;Sep 3, 2013;Rayman Legends is the follow-up to last year's Rayman Origins and aims to bring multiplayer interactions for you to use. The Glade of Dreams is in trouble again. During a 100-year nap, the nightmares multiplied and spread, creating new monsters even scarier than before. These creatures are… Expand;35 ;Action,Platformer,Platformer,2D,2D
NBA 2K12;90;7.7;Xbox 360;2K Sports;Visual Concepts;Oct 4, 2011;The NBA 2k Franchise is back with NBA 2K12.;42 ;Sports,Traditional,Team,Basketball,Sim,Sim
BORDERLANDS 2;89;8.3;Xbox 360;2K Games;Gearbox Software;Sep 18, 2012;Play as one of 4 new vault hunters facing off against a new world of creatures, psychos and the evil mastermind, Handsome Jack. Make new friends, arm them with a gazillion weapons and fight alongside them in four-player co-op or split-screen on a relentless quest for revenge and redemption… Expand;59 ;Action,Shooter,Shooter,First-Person,Sci-Fi,Sci-Fi,Arcade
CALL OF DUTY 2;89;8.2;Xbox 360;Activision;Infinity Ward;Nov 17, 2005;Call of Duty 2 lets players experience four individual soldier stories as they overcome insurmountable odds in multiple campaigns. Players have the freedom to follow each of the four storylines through for the ultimate character-driven experience, or they can engage in the historic battles… Expand;65 ;Action,Shooter,Shooter,First-Person,Historic,Historic,Arcade
PLANTS VS. ZOMBIES;89;8.4;Xbox 360;PopCap;PopCap;Sep 8, 2010;Zombies are invading your home, and the only defense is your arsenal of plants! Armed with an alien nursery-worth of zombie-zapping plants like peashooters and cherry bombs, you'll need to think fast and plant faster to stop dozens of types of zombies dead in their tracks. Obstacles like a… Expand;27 ;Strategy,Real-Time,General,General,Fantasy,Defense
REZ HD;89;8.0;Xbox 360;Microsoft Game Studios ;HexaDrive;Jan 30, 2008;[Xbox Live Arcade] Set in a cyberworld, the legendary fast-paced action-shooter Rez HD, created by Tetsuya Mizuguchi, provides the ultimate audiovisual experience as the player targets the enemies and hacks the system while creating their own beats. Rez opens your senses ... let's go to… Expand;41 ;Action,Shooter,Shooter,Rail,Rail
CASTLEVANIA: SYMPHONY OF THE NIGHT;89;8.6;Xbox 360;Konami;Digital Eclipse;Mar 21, 2007;[Xbox Live Arcade] Dracula's castle has risen again and it's up to the mysterious Alucard to face Dracula and save the world from his nocturnal embrace. Uncover the riddle behind why the castle has returned and what became of the world's last hero, Richer Belmont. Upgrade your weapons,… Expand;21 ;Action,Role-Playing,Platformer,Platformer,Action RPG,2D,2D
FABLE II;89;6.6;Xbox 360;Microsoft Game Studios;Lionhead Studios;Oct 21, 2008;Set 500 years after the original, Fable II provides gamers with an epic story and innovative real-time gameplay, including a massive amount of freedom and choice to explore a vast collection of dungeons, catacombs and caves in the world of Albion. Fable II expands upon the scope and depth of… Expand;95 ;Role-Playing,Action RPG,Action RPG
ASSASSIN'S CREED: BROTHERHOOD;89;8.4;Xbox 360;Ubisoft;Ubisoft Montreal;Nov 16, 2010;The critically acclaimed single-player experience of Assassin's Creed is back and better than ever as Ezio returns in an epic struggle against the powerful Templar Order. Now a legendary Master Assassin, he must journey into Italy's greatest city, Rome, center of power, greed and corruption… Expand;81 ;Action Adventure,Historic,Historic,Open-World
LEFT 4 DEAD 2;89;8.5;Xbox 360;Electronic Arts;Valve Software;Nov 17, 2009;Set in the zombie apocalypse, Left 4 Dead 2 (L4D2) is the highly anticipated sequel to the award-winning Left 4 Dead. This co-operative action horror FPS takes you and your friends through the cities, swamps and cemeteries of the Deep South, from Savannah to New Orleans across five expansive… Expand;76 ;Action,Shooter,Shooter,First-Person,Sci-Fi,Sci-Fi,Tactical
LEFT 4 DEAD;89;7.9;Xbox 360;Electronic Arts;Certain Affinity;Nov 17, 2008;Fight together...or die alone. A new and highly virulent strain of the rabies virus emerges and spreads through the human population with frightening speed. The pandemic's victims become grotesquely disfigured, wildly violent psychopaths, attacking the uninfected on sight. One of the "lucky"… Expand;67 ;Action,Shooter,Shooter,First-Person,Sci-Fi,Sci-Fi,Arcade
DARK SOULS;89;8.7;Xbox 360;Namco Bandai Games;From Software;Oct 4, 2011;Project Dark (Working Title) is a brand new dark fantasy RPG designed to completely embrace the concepts of tension in dungeon exploration, fear in encountering enemies, the joy of new discoveries, and a high sense of achievement in progressing. The game is set in a dark fantasy world filled… Expand;66 ;Role-Playing,Action RPG,Action RPG
GRAND THEFT AUTO IV: THE BALLAD OF GAY TONY;89;8.6;Xbox 360;Rockstar Games;Rockstar North;Oct 29, 2009;[Xbox Live Arcade] Grand Theft Auto IV's second downloadable episode, The Ballad of Gay Tony injects Liberty City with an overdose of guns, glitz, and grime. As Luis Lopez, part-time hoodlum and full-time assistant to legendary nightclub impresario Tony Prince (aka "Gay Tony"), players will… Expand;67 ;Action Adventure,Modern,Modern,Open-World
FEZ;89;6.2;Xbox 360;Polytron Corp.;Polytron Corp.;Apr 13, 2012;This quirky platformer stars a little white creature with a bright red fez. Gomez is a 2D being living in a 2D world. Or is he? When the existence of a mysterious 3rd dimension is unveiled, Gomez embarks on a journey that will usher him to the very end of time and space. Utilize your ability… Expand;66 ;Action,Platformer,Platformer,2D,2D
BURNOUT REVENGE;89;8.3;Xbox 360;Electronic Arts;Criterion Games;Mar 7, 2006;Burnout Revenge lets gamers rip through rush hour traffic and lay waste to scores of rubbernecking roadhogs in an over-the-top scene of vehicular mayhem. In addition to tricked out new race, crash and road rage modes, Burnout Revenge takes the series' blistering speed and spectacular… Expand;61 ;Driving,Racing,Arcade,Arcade,Automobile
DEAD SPACE;89;8.8;Xbox 360;Electronic Arts;EA Redwood Shores;Oct 13, 2008;In the bold and often-bloody Dead Space gamers step into a third-person sci-fi survival horror experience that delivers psychological thrills and gruesome action. Set in the cold blackness of deep space, the atmosphere is soaked with a feeling of tension, dread and sheer terror. In Dead… Expand;79 ;Action,Shooter,Shooter,Third-Person,Sci-Fi,Sci-Fi,Arcade
DARK SOULS: ARTORIAS OF THE ABYSS;89;8.7;Xbox 360;Namco Bandai Games;From Software;Oct 23, 2012;The Dark Souls DLC, Artorias of the Abyss grants you access to new maps and environments, boss characters, enemies and non-playable characters, weapons and armour, and additional challenging content for stalwart heroes to face and an online match-making feature for co-op or player vs. player… Expand;7 ;Role-Playing,Action RPG,Action RPG
DEUS EX: HUMAN REVOLUTION;89;8.3;Xbox 360;Square Enix;Eidos Montreal;Aug 23, 2011;In Deus Ex: Human Revolution you play Adam Jensen, a security specialist, handpicked to oversee the defense of one of America's most experimental biotechnology firms. But when a black ops team breaks in and kills the scientists you were hired to protect, everything you thought you knew about… Expand;70 ;Action,Action Adventure,Shooter,Sci-Fi,Sci-Fi,General,First-Person,Sci-Fi
THE WALKING DEAD: EPISODE 5 - NO TIME LEFT;89;8.8;Xbox 360;Telltale Games;Telltale Games;Nov 21, 2012;The concluding episode of a five-part series set in Robert Kirkman’s zombie apocalypse. With time running out and the odds stacked against you, Clementine’s fate is in your hands. The culmination of your choices leads to the dramatic conclusion of this first season of The Walking Dead.… Expand;20 ;Miscellaneous,Adventure,General,Compilation,Point-and-Click
THE BEATLES: ROCK BAND;89;8.5;Xbox 360;MTV Games;Harmonix Music Systems;Sep 9, 2009;The game represents the first time fans will be able to experience The Beatles’ musical career for themselves. From the early touring days in 1963 Liverpool to the immortal, final performance on the Apple Corps rooftop, fans can follow in the band’s footsteps as they traverse the globe… Expand;76 ;Action,Miscellaneous,Rhythm,Music,Music
L.A. NOIRE;89;7.9;Xbox 360;Rockstar Games;Team Bondi;May 17, 2011;Rockstar Games and Team Bondi are crafting a film noir-style detective thriller for the PlayStation 3 and Xbox 360.;83 ;First-Person,Action Adventure,Adventure,3D,Open-World,Modern,Third-Person,Modern
PEGGLE;89;7.8;Xbox 360;PopCap;PopCap;Mar 11, 2009;[Xbox Live Arcade] Experience the ball-bouncing, peg-busting phenomenon sweeping the globe, now on Xbox LIVE Arcade. Do you have what it takes to become a Peggle master? Conquer dozens of levels with 10 different characters, each with a unique special power. Face off against two to four… Expand;32 ;Miscellaneous,Puzzle,Action,Puzzle,Puzzle,Action
VIRTUA FIGHTER 5 ONLINE;89;7.7;Xbox 360;Sega;Sega AM2;Oct 30, 2007;Virtua Fighter 5 features an all-star cast of 17 fighters, including characters from the previous iterations along with two new characters named El Blaze and Eileen. El Blaze is a Mexican fighting champion who defeats opponents with his quick Lucha Libre fighting style. Eileen, originally… Expand;36 ;Action,Fighting,Fighting,3D,3D
NBA 2K11;89;8.3;Xbox 360;2K Sports;Visual Concepts;Oct 5, 2010;It's the #1 selling and rated NBA series that everyone is playing - from the most elite NBA athletes and superstars to the local court gym rats. NBA 2K10 delivered on its promise to TAKE OVER, and NBA 2K11 will build on that momentum by dialing up all of its features - gameplay, AI,… Expand;50 ;Sports,Traditional,Team,Basketball,Sim,Sim
BURNOUT PARADISE;88;7.0;Xbox 360;Electronic Arts;Criterion Games;Jan 22, 2008;Burnout Paradise proves that crashing is awesome! Next generation technology has enabled an unprecedented level of crash deformation allowing you to experience the most explosive pile-ups in the series’ history. Now the development team can realize their original vision for the Burnout… Expand;68 ;Driving,Racing,Arcade,Arcade,Automobile
SHADOW COMPLEX;88;8.7;Xbox 360;Microsoft Game Studios ;Chair Entertainment;Aug 19, 2009;[Xbox Live Arcade] From blockbuster developers Epic Games and Chair Entertainment comes the next evolution in Xbox LIVE Arcade games. Powered by the industry-leading Unreal Engine 3, Shadow Complex is the height of old-school side-scrolling design combined with modern, cutting-edge… Expand;73 ;Action,Shooter,Shooter,Third-Person,Sci-Fi,Sci-Fi,Arcade
CALL OF DUTY: MODERN WARFARE 3;88;3.5;Xbox 360;Activision;Infinity Ward;Nov 8, 2011;Call of Duty: Modern Warfare 3 is a direct sequel to the previous game in the series, Call of Duty: Modern Warfare 2, with a campaign storyline continuing the struggle of U.S. forces against an invasion by the Russian Federation following the framing of an undercover U.S. agent in a… Expand;81 ;Action,Shooter,Shooter,First-Person,Modern,Modern,Arcade
DISHONORED;88;7.9;Xbox 360;Bethesda Softworks;Arkane Studios;Oct 9, 2012;Dishonored is a tactile first-person action game that thrusts you into the role of a supernatural assassin driven by a thirst for revenge. With Dishonored’s flexible combat system, creatively eliminate your targets as you bring together the supernatural abilities, weapons and unusual gadgets… Expand;56 ;Action Adventure,Modern,General,Modern
PINBALL FX 2: MARVEL PINBALL - AVENGERS CHRONICLES;88;7.8;Xbox 360;Zen Studios;Zen Studios;Jun 20, 2012;Marvel Pinball: Avengers Chronicles features a four-table collection with tables based on the Avengers movie and comic crossovers World War Hulk, Infinity Gauntlet, and Fear Itself.;10 ;Action,Miscellaneous,Parlor,Pinball,Pinball
NHL 10;88;8.3;Xbox 360;EA Sports;EA Canada;Sep 15, 2009;The NHL franchise that has won 19 sports game of the year awards over the past two years begins a new era with gameplay innovations that promise to deliver a new standard of toughness, the emotion of playoff hockey on the ice and in the arena, and over 200 gameplay refinements that replicate… Expand;52 ;Sports,Traditional,Team,Ice Hockey,Sim,Sim
BIOSHOCK 2;88;8.3;Xbox 360;2K Games;2K Marin;Feb 9, 2010;Set approximately 10 years after the events of the original BioShock, the halls of Rapture once again echo with sins of the past. Along the Atlantic coastline, a monster has been snatching little girls and bringing them back to the undersea city of Rapture. You are the very first Big Daddy… Expand;93 ;Action,Shooter,Shooter,First-Person,Sci-Fi,Sci-Fi,Arcade
NHL 09;88;8.3;Xbox 360;Electronic Arts;EA Canada;Sep 9, 2008;NHL 09 builds on the momentum of last year, with innovative controls, added depth and new features designed to help newcomers jump into the series. The Skill Stick System evolves to bring an unparalleled level of control to the defensive side of the puck. The all new Defensive Skill Stick… Expand;41 ;Sports,Traditional,Team,Ice Hockey,Sim,Sim
TOM CLANCY'S RAINBOW SIX VEGAS;88;8.2;Xbox 360;Ubisoft;Ubisoft Montreal;Nov 20, 2006;The stakes are high when the world's most elite counter-terrorism unit enters Las Vegas, where over 36.7 million men, women and children visit each year. "Sin City," the home of the famous Las Vegas Strip, flashy hotels, high-rolling casinos and world-famous celebrities, becomes the setting… Expand;69 ;Action,Shooter,Shooter,First-Person,Tactical,Modern,Modern
SUPER STREET FIGHTER II TURBO HD REMIX;88;7.6;Xbox 360;Capcom ;Backbone Entertainment;Nov 26, 2008;[Xbox Live Arcade] The original MMA series is back! Super Street Fighter II Turbo HD Remix receives a whole new look while improving on the innovative fighting system of the original game. Updated with 1080p HD redrawn art, widescreen support and remixed music, SSFHD Remix offers a unique… Expand;34 ;Action,Fighting,Fighting,2D,2D
STAR WARS PINBALL: BALANCE OF THE FORCE;88;6.1;Xbox 360;Zen Studios;Zen Studios;Oct 16, 2013;Feel the disturbance in the Force in Star Wars Pinball: Balance of the Force, featuring three brand new Star Wars pinball tables. The pack includes Star Wars: Episode VI Return of the Jedi, Starfighter Assault, and a table dedicated to Darth Vader.;10 ;Action,Miscellaneous,Parlor,Pinball,Pinball
THE SECRET OF MONKEY ISLAND: SPECIAL EDITION;88;8.4;Xbox 360;LucasArts;LucasArts;Jul 15, 2009;[Xbox Live Arcade] Pirates! Adventure! Monkeys! Relive the hilarious swashbuckling misadventures of the wannabe pirate Guybrush Threepwood as he attempts to become the most infamous pirate in the Caribbean! Back by popular demand, The Secret of Monkey Island: Special Edition faithfully… Expand;35 ;Adventure,General,General,Point-and-Click
PROJECT GOTHAM RACING 3;88;7.9;Xbox 360;Microsoft Game Studios;Bizarre Creations;Nov 16, 2005;The original Kudos challenge: Powersliding, pulling off a 360, getting airtime, staying on the race line, drafting, and getting up on two wheels will earn gamers Kudos points for their style and skill. Take the wheel of more than 80 authentically modeled and licensed supercars from… Expand;75 ;Driving,Racing,Simulation,GT / Street,GT / Street,Automobile
BATTLEFIELD: BAD COMPANY 2;88;8.6;Xbox 360;EA Games;EA DICE;Mar 2, 2010;In this installment, the Bad Company crew again find themselves in the heart of the action, where they must use every weapon and vehicle at their disposal to survive. In Battlefield: Bad Company 2, the 'B' company fight their way through snowy mountaintops, dense jungles and dusty villages.… Expand;75 ;Action,Shooter,Shooter,First-Person,Modern,Modern,Arcade
XCOM: ENEMY WITHIN;88;7.7;Xbox 360;2K Games;Firaxis Games;Nov 12, 2013;XCOM: Enemy Within is the expansion to the 2012 Game of the Year award-winning strategy game XCOM: Enemy Unknown. Enemy Within adds an array of new abilities, upgrades and weapons to combat new enemy and alien threats. This expansion pack also introduces new maps, new tactical and strategic… Expand;16 ;Sci-Fi,Strategy,Turn-Based,Sci-Fi,General,Tactics
PINBALL FX 2;88;8.2;Xbox 360;Microsoft Game Studios;Zen Studios;Oct 27, 2010;Pinball FX is back, and it’s better than ever! Pinball FX 2 offers improved graphics and a host of new features for novices and experts alike: a new state-of-the-art physics model that surpasses anything available so far, Operators Menu with custom settings and advanced play info, automatic… Expand;24 ;Action,Miscellaneous,Parlor,Pinball,Pinball
NHL 11;88;7.7;Xbox 360;Electronic Arts;Electronic Arts;Sep 7, 2010;Celebrating its 20th year, the franchise that captured 22 ‘Sports Game of the Year’ awards has raised the bar yet again with NHL® 11. Powered by an all-new Real-Time Physics Engine, NHL 11 lets you create highlight reel moments as you experience adrenaline-pumping NHL action with bigger… Expand;49 ;Sports,Traditional,Team,Ice Hockey,Sim,Sim
THE WITCHER 2: ASSASSINS OF KINGS;88;8.4;Xbox 360;Warner Bros. Interactive Entertainment;CD Projekt Red Studio;Apr 17, 2012;The second installment in the RPG saga about the Witcher, Geralt of Rivia, features a thoroughly engrossing, mature storyline defining new standards for thought-provoking, non-linear game narration. In addition to an epic story, the game features an original, brutal combat system that… Expand;82 ;Action RPG,Role-Playing,Action RPG
THE WALKING DEAD: EPISODE 3 - LONG ROAD AHEAD;88;8.3;Xbox 360;Telltale Games;Telltale Games;Aug 29, 2012;Episode 3 of a 5-part game series set in Robert Kirkman’s universe. Treachery within the group leads to a devastating series of events. Will the tough choices you made in episodes one and two come back to haunt you or prove to be worthwhile decisions?;16 ;Miscellaneous,Adventure,General,Compilation,Point-and-Click
FIFA SOCCER 11;88;7.5;Xbox 360;Electronic Arts;EA Sports;Sep 28, 2010;EA returns to the field with another installment in its long-running soccer series.;66 ;Sports,Traditional,Team,Soccer,Sim,Sim
JOE DANGER: SPECIAL EDITION;88;7.7;Xbox 360;Microsoft Game Studios;Hello Games;Dec 14, 2011;You are Joe Danger, the world's most determined motorbike stuntman. You live to thrill the crowd and break World Records. A call back to retro classics like Excitebike, this 3D side-scrolling stunt-em-up is a burst of sugar-rush fun for today's jaded gamers;38 ;Driving,Racing,Arcade,Arcade,Automobile
BATTLEFIELD: BAD COMPANY 2 VIETNAM;88;8.0;Xbox 360;EA Games;EA DICE;Dec 21, 2010;Set in the 1960s, this DLC adds 4 new multiplayer maps, 15 new weapons, and six vehicles.;32 ;Action,Shooter,Shooter,First-Person,Modern,Modern,Arcade
NEED FOR SPEED: HOT PURSUIT;88;7.2;Xbox 360;Electronic Arts;Criterion Games;Nov 16, 2010;Need for Speed Hot Pursuit players will experience the thrill of the chase and the rush of the escape as they play through full careers as both a cop and a racer – solo or connected. The blistering speeds, brutal busts and heart-stopping getaways are all connected via Need for Speed Autolog.… Expand;73 ;Driving,Racing,Arcade,Arcade,Automobile
NBA 2K13;88;7.2;Xbox 360;2K Sports;Visual Concepts;Oct 2, 2012;USA Basketball – Finally answer the question: Who would win a head-to-head duel between the 1992 Dream Team and the 2012 squad? MyCAREER Mode – Build your MyPLAYER by giving him signature skills, and acquire your very own custom animations using Virtual Currency (VC). Includes all-new GM… Expand;41 ;Sports,Traditional,Team,Basketball,Sim,Sim
